FileName	PrecursorMz	ProductMz	Tr_recalibrated	IonMobility	transition_name	LibraryIntensity	transition_group_id	decoy	PeptideSequence	Proteotypic	QValue	PeptidoformQValue	PGQValue	Ms1ProfileCorr	ProteinGroup	ProteinName	Genes	FullUniModPeptideName	ModifiedPeptide	PrecursorCharge	PeptideGroupLabel	UniprotID	NTerm	CTerm	FragmentType	FragmentCharge	FragmentSeriesNumber	FragmentLossType	ExcludeFromAssay	PTM.Informative	PTM.Specific	PTM.Localising	BestPTMQValue	PTMSiteConfidence
S:\Proteomics\PRC\PRC-6442\PRC-6442DIA_UPRC_9913X02176_2p_ionopticks3_PM2_PRC-6442_Silva_5.raw	704.35938	329.14557	31.543045	0	NDVFIVTNQETK2_98_1_0_3	1	NDVFIVTNQETK2	1	NDVFIVTNQETK	1	0.0047228923	0.10506734	1	0	E1BPQ3	GPC6A_BOVIN	GPRC6A	NDVFIVTNQETK	NDVFIVTNQETK	2	NDVFIVTNQETK	E1BPQ3	0	0	b	1	3	noloss	False	0.43976393	0	0	0	0
S:\Proteomics\PRC\PRC-6442\PRC-6442DIA_UPRC_9913X02176_2p_ionopticks3_PM2_PRC-6442_Silva_5.raw	704.35938	819.42065	31.543045	0	NDVFIVTNQETK2_121_1_0_5	0.94082224	NDVFIVTNQETK2	1	NDVFIVTNQETK	1	0.0047228923	0.10506734	1	0	E1BPQ3	GPC6A_BOVIN	GPRC6A	NDVFIVTNQETK	NDVFIVTNQETK	2	NDVFIVTNQETK	E1BPQ3	0	0	y	1	7	noloss	False	0.43976393	0	0	0	0
S:\Proteomics\PRC\PRC-6442\PRC-6442DIA_UPRC_9913X02176_2p_ionopticks3_PM2_PRC-6442_Silva_5.raw	704.35938	1079.5731	31.543045	0	NDVFIVTNQETK2_121_1_0_3	0.91686016	NDVFIVTNQETK2	1	NDVFIVTNQETK	1	0.0047228923	0.10506734	1	0	E1BPQ3	GPC6A_BOVIN	GPRC6A	NDVFIVTNQETK	NDVFIVTNQETK	2	NDVFIVTNQETK	E1BPQ3	0	0	y	1	9	noloss	False	0.43976393	0	0	0	0
S:\Proteomics\PRC\PRC-6442\PRC-6442DIA_UPRC_9913X02176_2p_ionopticks3_PM2_PRC-6442_Silva_5.raw	704.35938	932.50476	31.543045	0	NDVFIVTNQETK2_121_1_0_4	0.66287678	NDVFIVTNQETK2	1	NDVFIVTNQETK	1	0.0047228923	0.10506734	1	0	E1BPQ3	GPC6A_BOVIN	GPRC6A	NDVFIVTNQETK	NDVFIVTNQETK	2	NDVFIVTNQETK	E1BPQ3	0	0	y	1	8	noloss	False	0.43976393	0	0	0	0
S:\Proteomics\PRC\PRC-6442\PRC-6442DIA_UPRC_9913X02176_2p_ionopticks3_PM2_PRC-6442_Silva_5.raw	704.35938	720.35223	31.543045	0	NDVFIVTNQETK2_121_1_0_6	0.5694676	NDVFIVTNQETK2	1	NDVFIVTNQETK	1	0.0047228923	0.10506734	1	0	E1BPQ3	GPC6A_BOVIN	GPRC6A	NDVFIVTNQETK	NDVFIVTNQETK	2	NDVFIVTNQETK	E1BPQ3	0	0	y	1	6	noloss	False	0.43976393	0	0	0	0
S:\Proteomics\PRC\PRC-6442\PRC-6442DIA_UPRC_9913X02176_2p_ionopticks3_PM2_PRC-6442_Silva_5.raw	704.35938	476.21399	31.543045	0	NDVFIVTNQETK2_98_1_0_4	0.23758166	NDVFIVTNQETK2	1	NDVFIVTNQETK	1	0.0047228923	0.10506734	1	0	E1BPQ3	GPC6A_BOVIN	GPRC6A	NDVFIVTNQETK	NDVFIVTNQETK	2	NDVFIVTNQETK	E1BPQ3	0	0	b	1	4	noloss	False	0.43976393	0	0	0	0
S:\Proteomics\PRC\PRC-6442\PRC-6442DIA_UPRC_9913X02176_2p_ionopticks3_PM2_PRC-6442_Silva_5.raw	704.35938	619.30457	31.543045	0	NDVFIVTNQETK2_121_1_0_7	0.16743226	NDVFIVTNQETK2	1	NDVFIVTNQETK	1	0.0047228923	0.10506734	1	0	E1BPQ3	GPC6A_BOVIN	GPRC6A	NDVFIVTNQETK	NDVFIVTNQETK	2	NDVFIVTNQETK	E1BPQ3	0	0	y	1	5	noloss	False	0.43976393	0	0	0	0
S:\Proteomics\PRC\PRC-6442\PRC-6442DIA_UPRC_9913X02176_2p_ionopticks3_PM2_PRC-6442_Silva_5.raw	704.35938	1178.6416	31.543045	0	NDVFIVTNQETK2_121_1_0_2	0.12271846	NDVFIVTNQETK2	1	NDVFIVTNQETK	1	0.0047228923	0.10506734	1	0	E1BPQ3	GPC6A_BOVIN	GPRC6A	NDVFIVTNQETK	NDVFIVTNQETK	2	NDVFIVTNQETK	E1BPQ3	0	0	y	1	10	noloss	False	0.43976393	0	0	0	0
S:\Proteomics\PRC\PRC-6442\PRC-6442DIA_UPRC_9913X02176_2p_ionopticks3_PM2_PRC-6442_Silva_5.raw	704.35938	589.29803	31.543045	0	NDVFIVTNQETK2_98_1_0_5	0.074771948	NDVFIVTNQETK2	1	NDVFIVTNQETK	1	0.0047228923	0.10506734	1	0	E1BPQ3	GPC6A_BOVIN	GPRC6A	NDVFIVTNQETK	NDVFIVTNQETK	2	NDVFIVTNQETK	E1BPQ3	0	0	b	1	5	noloss	False	0.43976393	0	0	0	0
S:\Proteomics\PRC\PRC-6442\PRC-6442DIA_UPRC_9913X02176_2p_ionopticks3_PM2_PRC-6442_Silva_5.raw	704.35938	505.26166	31.543045	0	NDVFIVTNQETK2_121_1_0_8	0.064277448	NDVFIVTNQETK2	1	NDVFIVTNQETK	1	0.0047228923	0.10506734	1	0	E1BPQ3	GPC6A_BOVIN	GPRC6A	NDVFIVTNQETK	NDVFIVTNQETK	2	NDVFIVTNQETK	E1BPQ3	0	0	y	1	4	noloss	False	0.43976393	0	0	0	0
S:\Proteomics\PRC\PRC-6442\PRC-6442DIA_UPRC_9913X02176_2p_ionopticks3_PM2_PRC-6442_Silva_5.raw	704.35938	377.20306	31.543045	0	NDVFIVTNQETK2_121_1_0_9	0.056536056	NDVFIVTNQETK2	1	NDVFIVTNQETK	1	0.0047228923	0.10506734	1	0	E1BPQ3	GPC6A_BOVIN	GPRC6A	NDVFIVTNQETK	NDVFIVTNQETK	2	NDVFIVTNQETK	E1BPQ3	0	0	y	1	3	noloss	False	0.43976393	0	0	0	0
S:\Proteomics\PRC\PRC-6442\PRC-6442DIA_UPRC_9913X02176_2p_ionopticks3_PM2_PRC-6442_Silva_5.raw	704.35938	688.36646	31.543045	0	NDVFIVTNQETK2_98_1_0_6	0.010890083	NDVFIVTNQETK2	1	NDVFIVTNQETK	1	0.0047228923	0.10506734	1	0	E1BPQ3	GPC6A_BOVIN	GPRC6A	NDVFIVTNQETK	NDVFIVTNQETK	2	NDVFIVTNQETK	E1BPQ3	0	0	b	1	6	noloss	False	0.43976393	0	0	0	0
